Model,Accuracy,Macro F1,Macro Precision,Macro Recall
MLP (Neural Net),1.0,1.0,1.0,1.0
Logistic Regression,0.9761904761904762,0.9837398373983739,0.9878048780487805,0.9878048780487805
Decision Tree,0.9761904761904762,0.9837398373983739,0.9878048780487805,0.9878048780487805
Random Forest,0.9761904761904762,0.9837398373983739,0.9878048780487805,0.9878048780487805
XGBoost,0.9761904761904762,0.9837398373983739,0.9878048780487805,0.9878048780487805
